url,depth,status
www.linkedin.com/company/guardicore,1,999
www.scmagazine.com/guardicore-centra/review/9324/,1,403
www.guardicore.com/use-cases/micro-segmentation/,1,Timeout
www.guardicore.com/use-cases/micro-segmentation/wp-content/uploads/2018/02/Solution-Brief_GuardiCore-Micro-Segmentation.pdf,4,404
www.guardicore.com/support/wp-content/uploads/2019/02/GuardiCore-EULA-18Feb16.pdf,5,404
summits.brighttalk.com/webinar/the-state-of-cyber-resiliency-in-the-age-of-attacks/?utm_source=guardicore,6,403
www.guardicore.com/resources/wp-content/uploads/2019/02/Guardicore_SolBrief_Reputation_1.pdf,6,404
www.guardicore.com/resources/wp-content/uploads/2019/02/Blue_Bastian_Case_Study_GuardiCore.pdf,6,404
www.guardicore.com/resources/wp-content/uploads/2019/02/GuardiCore_SolutionBrief_CHKP_vSec_2.pdf,6,404
www.guardicore.com/blog/&t=Blog,12,404
www.guardicore.com/micro-segmentation/application-segmentation/&t=Application%20Segmentation,16,404
www.guardicore.com/2018/08/streamlining-pci-compliance-within-your-organization/&t=Streamlining%20the%20Process%20to%20Maintain%20a%20PCI%20Compliant%20Data%20Center%20for%20Your%20Organization,17,404
www.guardicore.com/2018/02/why-native-cloud-controls-are-not-enough-for-micro-segmentation/&t=Why%20Native%20Cloud%20Controls%20Are%20Not%20Enough%20for%20Meaningful%20Micro-Segmentation,20,404
www.guardicore.com/2019/03/understanding-and-avoiding-security-misconfiguration/&t=Understanding%20and%20Avoiding%20Security%20Misconfiguration,23,404
www.cnet.com/news/exactis-340-million-people-may-have-been-exposed-in-bigger-breach-than-equifax/”,22,404
www.guardicore.com/resources/wp-content/uploads/2019/02/Guardicore_SolutionBrief_Nutanix.pdf,6,404
www.guardicore.com/resources/wp-content/uploads/2019/02/Guardicore_SolBrief_Deception_1.pdf,6,404
www.guardicore.com/resources/wp-content/uploads/2019/02/Guardicore-Gigamon-Protect-Data-Centers.pdf,6,404
www.guardicore.com/resources/wp-content/uploads/2019/02/GuardiCore_Container_Security_SolBrief.pdf,6,404
www.guardicore.com/resources/wp-content/uploads/2019/02/GuardiCore_SC_Review_February-2018-Feature.pdf,6,404
www.guardicore.com/resources/wp-content/uploads/2019/02/GuardiCore-Openlink-Case-Study.pdf,6,404
www.guardicore.com/resources/wp-content/uploads/2019/02/Resources_GuardiCore_Safeguard-your-assets-with-Nuage-Networks-VSP-and-GuardiCore-SolutionBrief.pdf,6,404
www.guardicore.com/resources/wp-content/uploads/2018/11/GuardiCore_Security_Gaps_Hybrid_Cloud_MSSP.pdf,6,404
www.guardicore.com/resources/wp-content/uploads/2019/02/Guardicore_CaseStudy_Optimal.pdf,6,404
www.guardicore.com/resources/wp-content/uploads/2019/02/150827-DataCenterSecuritySuiteforVMwareNSX_TechnicalBrief.pdf,6,404
www.guardicore.com/resources/wp-content/uploads/2019/02/GuardiCore_Centra_DataSheet.pdf,6,404
www.guardicore.com/resources/wp-content/uploads/2019/02/GuardiCore_SolBrief_Reveal_2.pdf,6,404
www.guardicore.com/resources/wp-content/uploads/2019/02/aws-solution-brief-.pdf,6,404
www.guardicore.com/resources/wp-content/uploads/2019/02/Guardicore_CaseStudy_GenomeOne.pdf,6,404
www.guardicore.com/resources/wp-content/uploads/2019/02/Guardicore_SolBrief_SegmentationPolicy_1.pdf,6,404
www.guardicore.com/resources/wp-content/uploads/2019/02/Resources_GuardiCore_Healthcare_SolutionBrief.pdf,6,404
www.guardicore.com/resources/wp-content/uploads/2019/02/REBOOT_SC_Guardicore.pdf,6,404
www.guardicore.com/resources/wp-content/uploads/2019/02/Solution-Brief_GuardiCore-Micro-Segmentation.pdf,6,404
www.guardicore.com/resources/wp-content/uploads/2019/02/guardicore_casestudy_beckmancoulter.pdf,6,404
www.guardicore.com/use-cases/micro-segmentation/wp-content/uploads/2018/02/GuardiCore_SC_Review_February-2018-Feature.pdf,4,404
